match_id,match_number,stage_id,kickoff_at,match_label,home_team,home_code,group,away_team,away_code,city_name,host_country,region_cluster,home_rank,home_rating,home_rank_max,home_rating_max,home_rank_avg,home_rating_avg,home_rank_min,home_rating_min,home_matches_total,home_wins,home_losses,home_draws,home_goals_for,home_goals_against,home_confederation,home_is_host,away_rank,away_rating,away_rank_max,away_rating_max,away_rank_avg,away_rating_avg,away_rank_min,away_rating_min,away_matches_total,away_wins,away_losses,away_draws,away_goals_for,away_goals_against,away_confederation,away_is_host,elo_diff,rank_diff,home_win_rate,away_win_rate,home_goals_per_match,away_goals_per_match
1,1,1,2026-06-11 15:00:00-06,Group A,Mexico,MEX,A,South Africa,RSA,Mexico City,Mexico,Central,20.0,1860.0,4.0,1985.0,20.0,1782.0,48.0,1498.0,1028.0,533.0,258.0,237.0,1823.0,1055.0,CONCACAF,1.0,79.0,1524.0,7.0,1847.0,32.0,1707.0,99.0,1448.0,524.0,231.0,141.0,152.0,719.0,542.0,CAF,0.0,336.0,-59.0,0.5184824902723736,0.44083969465648853,1.7733463035019454,1.3721374045801527
2,2,1,2026-06-11 22:00:00-06,Group A,South Korea,KOR,A,Czechia,CZE,Guadalajara,Mexico,Central,33.0,1752.0,16.0,1845.0,35.0,1687.0,84.0,1445.0,1050.0,571.0,221.0,258.0,1907.0,964.0,AFC,0.0,40.0,1726.0,1.0,2032.0,13.0,1855.0,46.0,1669.0,882.0,424.0,261.0,197.0,1624.0,1097.0,UEFA,0.0,26.0,-7.0,0.5438095238095239,0.48072562358276644,1.8161904761904761,1.8412698412698412
3,3,1,2026-06-12 15:00:00-04,Group B,Canada,CAN,B,Bosnia and Herzegovina,BIH,Toronto,Canada,East,25.0,1784.0,21.0,1841.0,49.0,1599.0,90.0,1470.0,488.0,189.0,185.0,114.0,626.0,623.0,CONCACAF,1.0,66.0,1594.0,20.0,1806.0,53.0,1626.0,90.0,1469.0,279.0,104.0,111.0,64.0,393.0,385.0,UEFA,0.0,190.0,-41.0,0.38729508196721313,0.3727598566308244,1.2827868852459017,1.4086021505376345
4,4,1,2026-06-12 21:00:00-07,Group D,United States,USA,D,Paraguay,PAR,Los Angeles,USA,West,41.0,1721.0,9.0,1890.0,41.0,1642.0,93.0,1410.0,825.0,366.0,286.0,173.0,1246.0,1073.0,CONCACAF,1.0,22.0,1833.0,5.0,1956.0,23.0,1755.0,51.0,1619.0,788.0,276.0,303.0,209.0,1002.0,1115.0,CONMEBOL,0.0,-112.0,19.0,0.44363636363636366,0.350253807106599,1.5103030303030303,1.2715736040609138
5,5,1,2026-06-13 15:00:00-07,Group B,Qatar,QAT,B,Switzerland,SUI,San Francisco Bay Area,USA,West,95.0,1425.0,26.0,1771.0,93.0,1416.0,164.0,965.0,697.0,289.0,232.0,176.0,993.0,825.0,AFC,0.0,16.0,1889.0,9.0,1933.0,27.0,1690.0,56.0,1485.0,895.0,319.0,373.0,203.0,1335.0,1482.0,UEFA,0.0,-464.0,79.0,0.4146341463414634,0.3564245810055866,1.42467718794835,1.4916201117318435
6,6,1,2026-06-13 18:00:00-04,Group C,Brazil,BRA,C,Morocco,MAR,New York/New Jersey,USA,East,5.0,1984.0,1.0,2195.0,4.0,1998.0,20.0,1805.0,1065.0,670.0,172.0,223.0,2294.0,954.0,CONMEBOL,0.0,24.0,1822.0,11.0,1923.0,43.0,1657.0,86.0,1510.0,728.0,364.0,165.0,199.0,1103.0,614.0,CAF,0.0,162.0,-19.0,0.6291079812206573,0.5,2.1539906103286386,1.51510989010989
7,7,1,2026-06-13 21:00:00-04,Group C,Haiti,HAI,C,Scotland,SCO,Boston,USA,East,77.0,1532.0,37.0,1673.0,81.0,1417.0,129.0,1265.0,561.0,246.0,197.0,118.0,957.0,759.0,CONCACAF,0.0,29.0,1767.0,1.0,2104.0,14.0,1879.0,63.0,1598.0,867.0,411.0,268.0,188.0,1495.0,1075.0,UEFA,0.0,-235.0,48.0,0.4385026737967914,0.4740484429065744,1.7058823529411764,1.7243367935409457
8,8,1,2026-06-14 00:00:00-07,Group D,Australia,AUS,D,Turkey,TUR,Vancouver,Canada,West,26.0,1783.0,11.0,1876.0,35.0,1672.0,77.0,1475.0,635.0,326.0,179.0,130.0,1289.0,714.0,AFC,0.0,14.0,1902.0,9.0,1902.0,42.0,1611.0,77.0,1358.0,669.0,263.0,250.0,156.0,947.0,969.0,UEFA,0.0,-119.0,12.0,0.5133858267716536,0.3931240657698057,2.02992125984252,1.4155455904334828
9,9,1,2026-06-14 13:00:00-05,Group E,Germany,GER,E,Curaçao,CUR,Houston,USA,Central,11.0,1923.0,1.0,2223.0,8.0,1911.0,25.0,1637.0,1045.0,604.0,224.0,217.0,2352.0,1232.0,UEFA,0.0,90.0,1436.0,26.0,1618.0,97.0,1381.0,188.0,1011.0,498.0,201.0,173.0,124.0,879.0,767.0,CONCACAF,0.0,487.0,-79.0,0.5779904306220096,0.4036144578313253,2.2507177033492822,1.7650602409638554
10,10,1,2026-06-14 16:00:00-05,Group F,Netherlands,NED,F,Japan,JPN,Dallas,USA,Central,8.0,1961.0,1.0,2153.0,15.0,1848.0,55.0,1553.0,901.0,465.0,239.0,197.0,1892.0,1142.0,UEFA,0.0,13.0,1904.0,9.0,1913.0,62.0,1467.0,114.0,1126.0,835.0,408.0,257.0,170.0,1517.0,985.0,AFC,0.0,57.0,-5.0,0.516093229744728,0.48862275449101794,2.099889012208657,1.8167664670658683
11,11,1,2026-06-14 19:00:00-04,Group E,Ivory Coast,CIV,E,Ecuador,ECU,Philadelphia,USA,East,52.0,1676.0,15.0,1863.0,45.0,1640.0,76.0,1476.0,692.0,348.0,166.0,178.0,1130.0,695.0,CAF,0.0,9.0,1933.0,9.0,1934.0,64.0,1525.0,121.0,1183.0,598.0,183.0,254.0,161.0,719.0,903.0,CONMEBOL,0.0,-257.0,43.0,0.5028901734104047,0.3060200668896321,1.6329479768786128,1.2023411371237458
12,12,1,2026-06-14 22:00:00-06,Group F,Sweden,SWE,F,Tunisia,TUN,Monterrey,Mexico,Central,43.0,1719.0,2.0,2013.0,17.0,1795.0,54.0,1579.0,1118.0,549.0,335.0,234.0,2226.0,1482.0,UEFA,0.0,58.0,1636.0,24.0,1757.0,47.0,1616.0,87.0,1439.0,775.0,330.0,229.0,216.0,1105.0,839.0,CAF,0.0,83.0,-15.0,0.49105545617173524,0.4258064516129032,1.9910554561717353,1.4258064516129032
13,13,1,2026-06-15 12:00:00-04,Group H,Spain,ESP,H,Cape Verde,CPV,Atlanta,USA,East,1.0,2165.0,1.0,2189.0,7.0,1946.0,19.0,1805.0,780.0,461.0,138.0,181.0,1591.0,697.0,UEFA,0.0,72.0,1549.0,65.0,1579.0,120.0,1302.0,146.0,1172.0,251.0,94.0,97.0,60.0,267.0,278.0,CAF,0.0,616.0,-71.0,0.591025641025641,0.3745019920318725,2.0397435897435896,1.0637450199203187
14,14,1,2026-06-15 15:00:00-07,Group G,Belgium,BEL,G,Egypt,EGY,Seattle,USA,West,19.0,1867.0,1.0,2157.0,24.0,1755.0,70.0,1503.0,876.0,390.0,302.0,184.0,1599.0,1359.0,UEFA,0.0,51.0,1689.0,12.0,1872.0,37.0,1662.0,70.0,1527.0,883.0,446.0,216.0,221.0,1544.0,921.0,CAF,0.0,178.0,-32.0,0.4452054794520548,0.5050962627406569,1.8253424657534247,1.7485843714609286
15,15,1,2026-06-15 18:00:00-04,Group H,Saudi Arabia,KSA,H,Uruguay,URU,Miami,USA,East,71.0,1568.0,29.0,1735.0,76.0,1501.0,125.0,1256.0,835.0,396.0,245.0,194.0,1281.0,892.0,AFC,0.0,15.0,1892.0,1.0,2104.0,12.0,1876.0,44.0,1636.0,1019.0,446.0,321.0,252.0,1610.0,1254.0,CONMEBOL,0.0,-324.0,56.0,0.474251497005988,0.43768400392541706,1.534131736526946,1.5799803729146222
16,16,1,2026-06-15 21:00:00-07,Group G,Iran,IRN,G,New Zealand,NZL,Los Angeles,USA,West,31.0,1760.0,13.0,1853.0,41.0,1658.0,79.0,1450.0,668.0,382.0,132.0,154.0,1270.0,524.0,AFC,0.0,68.0,1585.0,29.0,1640.0,66.0,1499.0,103.0,1334.0,439.0,181.0,179.0,79.0,767.0,645.0,OFC,0.0,175.0,-37.0,0.5718562874251497,0.4123006833712984,1.901197604790419,1.7471526195899771
17,17,1,2026-06-16 15:00:00-04,Group I,France,FRA,I,Senegal,SEN,New York/New Jersey,USA,East,3.0,2081.0,1.0,2135.0,16.0,1795.0,40.0,1514.0,938.0,474.0,269.0,195.0,1706.0,1272.0,UEFA,0.0,17.0,1878.0,17.0,1878.0,56.0,1590.0,107.0,1387.0,704.0,319.0,192.0,193.0,967.0,669.0,CAF,0.0,203.0,-14.0,0.5053304904051172,0.453125,1.8187633262260128,1.3735795454545454
18,18,1,2026-06-16 18:00:00-04,Group I,Iraq,IRQ,I,Norway,NOR,Boston,USA,East,63.0,1607.0,23.0,1740.0,47.0,1622.0,96.0,1456.0,759.0,359.0,189.0,211.0,1202.0,707.0,AFC,0.0,12.0,1912.0,6.0,1944.0,38.0,1623.0,85.0,1364.0,886.0,334.0,355.0,197.0,1373.0,1443.0,UEFA,0.0,-305.0,51.0,0.47299077733860345,0.37697516930022573,1.5836627140974968,1.5496613995485327
19,19,1,2026-06-16 21:00:00-05,Group J,Argentina,ARG,J,Algeria,ALG,Kansas City,USA,Central,2.0,2113.0,1.0,2172.0,5.0,1987.0,26.0,1751.0,1109.0,610.0,228.0,271.0,2112.0,1136.0,CONMEBOL,0.0,35.0,1743.0,18.0,1807.0,48.0,1621.0,110.0,1386.0,688.0,309.0,196.0,183.0,1052.0,703.0,CAF,0.0,370.0,-33.0,0.5500450856627592,0.4491279069767442,1.9044183949504059,1.5290697674418605
20,20,1,2026-06-17 00:00:00-07,Group J,Austria,AUT,J,Jordan,JOR,San Francisco Bay Area,USA,West,23.0,1827.0,1.0,2070.0,20.0,1810.0,73.0,1549.0,865.0,370.0,310.0,185.0,1560.0,1321.0,UEFA,0.0,50.0,1690.0,40.0,1701.0,111.0,1322.0,153.0,1092.0,582.0,206.0,218.0,158.0,727.0,710.0,AFC,0.0,137.0,-27.0,0.4277456647398844,0.3539518900343643,1.8034682080924855,1.2491408934707904
21,21,1,2026-06-17 13:00:00-05,Group K,Portugal,POR,K,DR Congo,COD,Houston,USA,Central,5.0,1984.0,2.0,2060.0,19.0,1797.0,41.0,1624.0,694.0,346.0,189.0,159.0,1222.0,779.0,UEFA,0.0,54.0,1655.0,20.0,1782.0,62.0,1557.0,114.0,1387.0,547.0,226.0,171.0,150.0,835.0,641.0,CAF,0.0,329.0,-49.0,0.49855907780979825,0.41316270566727603,1.760806916426513,1.5265082266910421
22,22,1,2026-06-17 16:00:00-05,Group L,England,ENG,L,Croatia,CRO,Dallas,USA,Central,4.0,2020.0,1.0,2213.0,4.0,1983.0,17.0,1810.0,1160.0,683.0,215.0,262.0,2719.0,1118.0,UEFA,0.0,10.0,1930.0,4.0,2015.0,12.0,1881.0,28.0,1780.0,398.0,209.0,83.0,106.0,694.0,401.0,UEFA,0.0,90.0,-6.0,0.5887931034482758,0.5251256281407035,2.3439655172413794,1.743718592964824
23,23,1,2026-06-17 19:00:00-04,Group L,Ghana,GHA,L,Panama,PAN,Toronto,Canada,East,82.0,1503.0,10.0,1877.0,42.0,1651.0,101.0,1424.0,778.0,370.0,213.0,195.0,1247.0,822.0,CAF,0.0,36.0,1737.0,27.0,1773.0,99.0,1362.0,143.0,1154.0,591.0,196.0,251.0,144.0,736.0,906.0,CONCACAF,0.0,-234.0,46.0,0.4755784061696658,0.3316412859560068,1.6028277634961439,1.245346869712352
24,24,1,2026-06-17 22:00:00-06,Group K,Uzbekistan,UZB,K,Colombia,COL,Mexico City,Mexico,Central,38.0,1727.0,25.0,1766.0,60.0,1596.0,93.0,1428.0,365.0,180.0,110.0,75.0,635.0,398.0,AFC,0.0,7.0,1975.0,3.0,2069.0,48.0,1621.0,102.0,1304.0,648.0,265.0,205.0,178.0,842.0,741.0,CONMEBOL,0.0,-248.0,31.0,0.4931506849315068,0.4089506172839506,1.7397260273972603,1.2993827160493827
25,25,1,2026-06-18 12:00:00-04,Group A,Czechia,CZE,A,South Africa,RSA,Atlanta,USA,East,40.0,1726.0,1.0,2032.0,13.0,1855.0,46.0,1669.0,882.0,424.0,261.0,197.0,1624.0,1097.0,UEFA,0.0,79.0,1524.0,7.0,1847.0,32.0,1707.0,99.0,1448.0,524.0,231.0,141.0,152.0,719.0,542.0,CAF,0.0,202.0,-39.0,0.48072562358276644,0.44083969465648853,1.8412698412698412,1.3721374045801527
26,26,1,2026-06-18 15:00:00-07,Group B,Switzerland,SUI,B,Bosnia and Herzegovina,BIH,Los Angeles,USA,West,16.0,1889.0,9.0,1933.0,27.0,1690.0,56.0,1485.0,895.0,319.0,373.0,203.0,1335.0,1482.0,UEFA,0.0,66.0,1594.0,20.0,1806.0,53.0,1626.0,90.0,1469.0,279.0,104.0,111.0,64.0,393.0,385.0,UEFA,0.0,295.0,-50.0,0.3564245810055866,0.3727598566308244,1.4916201117318435,1.4086021505376345
27,27,1,2026-06-18 18:00:00-07,Group B,Canada,CAN,B,Qatar,QAT,Vancouver,Canada,West,25.0,1784.0,21.0,1841.0,49.0,1599.0,90.0,1470.0,488.0,189.0,185.0,114.0,626.0,623.0,CONCACAF,1.0,95.0,1425.0,26.0,1771.0,93.0,1416.0,164.0,965.0,697.0,289.0,232.0,176.0,993.0,825.0,AFC,0.0,359.0,-70.0,0.38729508196721313,0.4146341463414634,1.2827868852459017,1.42467718794835
28,28,1,2026-06-18 21:00:00-06,Group A,Mexico,MEX,A,South Korea,KOR,Guadalajara,Mexico,Central,20.0,1860.0,4.0,1985.0,20.0,1782.0,48.0,1498.0,1028.0,533.0,258.0,237.0,1823.0,1055.0,CONCACAF,1.0,33.0,1752.0,16.0,1845.0,35.0,1687.0,84.0,1445.0,1050.0,571.0,221.0,258.0,1907.0,964.0,AFC,0.0,108.0,-13.0,0.5184824902723736,0.5438095238095239,1.7733463035019454,1.8161904761904761
29,29,1,2026-06-19 15:00:00-07,Group D,United States,USA,D,Australia,AUS,Seattle,USA,West,41.0,1721.0,9.0,1890.0,41.0,1642.0,93.0,1410.0,825.0,366.0,286.0,173.0,1246.0,1073.0,CONCACAF,1.0,26.0,1783.0,11.0,1876.0,35.0,1672.0,77.0,1475.0,635.0,326.0,179.0,130.0,1289.0,714.0,AFC,0.0,-62.0,15.0,0.44363636363636366,0.5133858267716536,1.5103030303030303,2.02992125984252
30,30,1,2026-06-19 18:00:00-04,Group C,Scotland,SCO,C,Morocco,MAR,Boston,USA,East,29.0,1767.0,1.0,2104.0,14.0,1879.0,63.0,1598.0,867.0,411.0,268.0,188.0,1495.0,1075.0,UEFA,0.0,24.0,1822.0,11.0,1923.0,43.0,1657.0,86.0,1510.0,728.0,364.0,165.0,199.0,1103.0,614.0,CAF,0.0,-55.0,5.0,0.4740484429065744,0.5,1.7243367935409457,1.51510989010989
31,31,1,2026-06-19 21:00:00-04,Group C,Brazil,BRA,C,Haiti,HAI,Philadelphia,USA,East,5.0,1984.0,1.0,2195.0,4.0,1998.0,20.0,1805.0,1065.0,670.0,172.0,223.0,2294.0,954.0,CONMEBOL,0.0,77.0,1532.0,37.0,1673.0,81.0,1417.0,129.0,1265.0,561.0,246.0,197.0,118.0,957.0,759.0,CONCACAF,0.0,452.0,-72.0,0.6291079812206573,0.4385026737967914,2.1539906103286386,1.7058823529411764
32,32,1,2026-06-20 00:00:00-07,Group D,Turkey,TUR,D,Paraguay,PAR,San Francisco Bay Area,USA,West,14.0,1902.0,9.0,1902.0,42.0,1611.0,77.0,1358.0,669.0,263.0,250.0,156.0,947.0,969.0,UEFA,0.0,22.0,1833.0,5.0,1956.0,23.0,1755.0,51.0,1619.0,788.0,276.0,303.0,209.0,1002.0,1115.0,CONMEBOL,0.0,69.0,-8.0,0.3931240657698057,0.350253807106599,1.4155455904334828,1.2715736040609138
33,33,1,2026-06-20 13:00:00-05,Group F,Netherlands,NED,F,Sweden,SWE,Houston,USA,Central,8.0,1961.0,1.0,2153.0,15.0,1848.0,55.0,1553.0,901.0,465.0,239.0,197.0,1892.0,1142.0,UEFA,0.0,43.0,1719.0,2.0,2013.0,17.0,1795.0,54.0,1579.0,1118.0,549.0,335.0,234.0,2226.0,1482.0,UEFA,0.0,242.0,-35.0,0.516093229744728,0.49105545617173524,2.099889012208657,1.9910554561717353
34,34,1,2026-06-20 16:00:00-04,Group E,Germany,GER,E,Ivory Coast,CIV,Toronto,Canada,East,11.0,1923.0,1.0,2223.0,8.0,1911.0,25.0,1637.0,1045.0,604.0,224.0,217.0,2352.0,1232.0,UEFA,0.0,52.0,1676.0,15.0,1863.0,45.0,1640.0,76.0,1476.0,692.0,348.0,166.0,178.0,1130.0,695.0,CAF,0.0,247.0,-41.0,0.5779904306220096,0.5028901734104047,2.2507177033492822,1.6329479768786128
35,35,1,2026-06-20 20:00:00-05,Group E,Ecuador,ECU,E,Curaçao,CUR,Kansas City,USA,Central,9.0,1933.0,9.0,1934.0,64.0,1525.0,121.0,1183.0,598.0,183.0,254.0,161.0,719.0,903.0,CONMEBOL,0.0,90.0,1436.0,26.0,1618.0,97.0,1381.0,188.0,1011.0,498.0,201.0,173.0,124.0,879.0,767.0,CONCACAF,0.0,497.0,-81.0,0.3060200668896321,0.4036144578313253,1.2023411371237458,1.7650602409638554
36,36,1,2026-06-21 00:00:00-06,Group F,Tunisia,TUN,F,Japan,JPN,Monterrey,Mexico,Central,58.0,1636.0,24.0,1757.0,47.0,1616.0,87.0,1439.0,775.0,330.0,229.0,216.0,1105.0,839.0,CAF,0.0,13.0,1904.0,9.0,1913.0,62.0,1467.0,114.0,1126.0,835.0,408.0,257.0,170.0,1517.0,985.0,AFC,0.0,-268.0,45.0,0.4258064516129032,0.48862275449101794,1.4258064516129032,1.8167664670658683
37,37,1,2026-06-21 12:00:00-04,Group H,Spain,ESP,H,Saudi Arabia,KSA,Atlanta,USA,East,1.0,2165.0,1.0,2189.0,7.0,1946.0,19.0,1805.0,780.0,461.0,138.0,181.0,1591.0,697.0,UEFA,0.0,71.0,1568.0,29.0,1735.0,76.0,1501.0,125.0,1256.0,835.0,396.0,245.0,194.0,1281.0,892.0,AFC,0.0,597.0,-70.0,0.591025641025641,0.474251497005988,2.0397435897435896,1.534131736526946
38,38,1,2026-06-21 15:00:00-07,Group G,Belgium,BEL,G,Iran,IRN,Los Angeles,USA,West,19.0,1867.0,1.0,2157.0,24.0,1755.0,70.0,1503.0,876.0,390.0,302.0,184.0,1599.0,1359.0,UEFA,0.0,31.0,1760.0,13.0,1853.0,41.0,1658.0,79.0,1450.0,668.0,382.0,132.0,154.0,1270.0,524.0,AFC,0.0,107.0,-12.0,0.4452054794520548,0.5718562874251497,1.8253424657534247,1.901197604790419
39,39,1,2026-06-21 18:00:00-04,Group H,Uruguay,URU,H,Cape Verde,CPV,Miami,USA,East,15.0,1892.0,1.0,2104.0,12.0,1876.0,44.0,1636.0,1019.0,446.0,321.0,252.0,1610.0,1254.0,CONMEBOL,0.0,72.0,1549.0,65.0,1579.0,120.0,1302.0,146.0,1172.0,251.0,94.0,97.0,60.0,267.0,278.0,CAF,0.0,343.0,-57.0,0.43768400392541706,0.3745019920318725,1.5799803729146222,1.0637450199203187
40,40,1,2026-06-21 21:00:00-07,Group G,New Zealand,NZL,G,Egypt,EGY,Vancouver,Canada,West,68.0,1585.0,29.0,1640.0,66.0,1499.0,103.0,1334.0,439.0,181.0,179.0,79.0,767.0,645.0,OFC,0.0,51.0,1689.0,12.0,1872.0,37.0,1662.0,70.0,1527.0,883.0,446.0,216.0,221.0,1544.0,921.0,CAF,0.0,-104.0,17.0,0.4123006833712984,0.5050962627406569,1.7471526195899771,1.7485843714609286
41,41,1,2026-06-22 13:00:00-05,Group J,Argentina,ARG,J,Austria,AUT,Dallas,USA,Central,2.0,2113.0,1.0,2172.0,5.0,1987.0,26.0,1751.0,1109.0,610.0,228.0,271.0,2112.0,1136.0,CONMEBOL,0.0,23.0,1827.0,1.0,2070.0,20.0,1810.0,73.0,1549.0,865.0,370.0,310.0,185.0,1560.0,1321.0,UEFA,0.0,286.0,-21.0,0.5500450856627592,0.4277456647398844,1.9044183949504059,1.8034682080924855
42,42,1,2026-06-22 17:00:00-04,Group I,France,FRA,I,Iraq,IRQ,Philadelphia,USA,East,3.0,2081.0,1.0,2135.0,16.0,1795.0,40.0,1514.0,938.0,474.0,269.0,195.0,1706.0,1272.0,UEFA,0.0,63.0,1607.0,23.0,1740.0,47.0,1622.0,96.0,1456.0,759.0,359.0,189.0,211.0,1202.0,707.0,AFC,0.0,474.0,-60.0,0.5053304904051172,0.47299077733860345,1.8187633262260128,1.5836627140974968
43,43,1,2026-06-22 20:00:00-04,Group I,Norway,NOR,I,Senegal,SEN,New York/New Jersey,USA,East,12.0,1912.0,6.0,1944.0,38.0,1623.0,85.0,1364.0,886.0,334.0,355.0,197.0,1373.0,1443.0,UEFA,0.0,17.0,1878.0,17.0,1878.0,56.0,1590.0,107.0,1387.0,704.0,319.0,192.0,193.0,967.0,669.0,CAF,0.0,34.0,-5.0,0.37697516930022573,0.453125,1.5496613995485327,1.3735795454545454
44,44,1,2026-06-22 23:00:00-07,Group J,Jordan,JOR,J,Algeria,ALG,San Francisco Bay Area,USA,West,50.0,1690.0,40.0,1701.0,111.0,1322.0,153.0,1092.0,582.0,206.0,218.0,158.0,727.0,710.0,AFC,0.0,35.0,1743.0,18.0,1807.0,48.0,1621.0,110.0,1386.0,688.0,309.0,196.0,183.0,1052.0,703.0,CAF,0.0,-53.0,15.0,0.3539518900343643,0.4491279069767442,1.2491408934707904,1.5290697674418605
45,45,1,2026-06-23 13:00:00-05,Group K,Portugal,POR,K,Uzbekistan,UZB,Houston,USA,Central,5.0,1984.0,2.0,2060.0,19.0,1797.0,41.0,1624.0,694.0,346.0,189.0,159.0,1222.0,779.0,UEFA,0.0,38.0,1727.0,25.0,1766.0,60.0,1596.0,93.0,1428.0,365.0,180.0,110.0,75.0,635.0,398.0,AFC,0.0,257.0,-33.0,0.49855907780979825,0.4931506849315068,1.760806916426513,1.7397260273972603
46,46,1,2026-06-23 16:00:00-04,Group L,England,ENG,L,Ghana,GHA,Boston,USA,East,4.0,2020.0,1.0,2213.0,4.0,1983.0,17.0,1810.0,1160.0,683.0,215.0,262.0,2719.0,1118.0,UEFA,0.0,82.0,1503.0,10.0,1877.0,42.0,1651.0,101.0,1424.0,778.0,370.0,213.0,195.0,1247.0,822.0,CAF,0.0,517.0,-78.0,0.5887931034482758,0.4755784061696658,2.3439655172413794,1.6028277634961439
47,47,1,2026-06-23 19:00:00-04,Group L,Panama,PAN,L,Croatia,CRO,Toronto,Canada,East,36.0,1737.0,27.0,1773.0,99.0,1362.0,143.0,1154.0,591.0,196.0,251.0,144.0,736.0,906.0,CONCACAF,0.0,10.0,1930.0,4.0,2015.0,12.0,1881.0,28.0,1780.0,398.0,209.0,83.0,106.0,694.0,401.0,UEFA,0.0,-193.0,26.0,0.3316412859560068,0.5251256281407035,1.245346869712352,1.743718592964824
48,48,1,2026-06-23 22:00:00-06,Group K,Colombia,COL,K,DR Congo,COD,Guadalajara,Mexico,Central,7.0,1975.0,3.0,2069.0,48.0,1621.0,102.0,1304.0,648.0,265.0,205.0,178.0,842.0,741.0,CONMEBOL,0.0,54.0,1655.0,20.0,1782.0,62.0,1557.0,114.0,1387.0,547.0,226.0,171.0,150.0,835.0,641.0,CAF,0.0,320.0,-47.0,0.4089506172839506,0.41316270566727603,1.2993827160493827,1.5265082266910421
49,49,1,2026-06-24 15:00:00-07,Group B,Switzerland,SUI,B,Canada,CAN,Vancouver,Canada,West,16.0,1889.0,9.0,1933.0,27.0,1690.0,56.0,1485.0,895.0,319.0,373.0,203.0,1335.0,1482.0,UEFA,0.0,25.0,1784.0,21.0,1841.0,49.0,1599.0,90.0,1470.0,488.0,189.0,185.0,114.0,626.0,623.0,CONCACAF,1.0,105.0,-9.0,0.3564245810055866,0.38729508196721313,1.4916201117318435,1.2827868852459017
50,50,1,2026-06-24 15:00:00-07,Group B,Bosnia and Herzegovina,BIH,B,Qatar,QAT,Seattle,USA,West,66.0,1594.0,20.0,1806.0,53.0,1626.0,90.0,1469.0,279.0,104.0,111.0,64.0,393.0,385.0,UEFA,0.0,95.0,1425.0,26.0,1771.0,93.0,1416.0,164.0,965.0,697.0,289.0,232.0,176.0,993.0,825.0,AFC,0.0,169.0,-29.0,0.3727598566308244,0.4146341463414634,1.4086021505376345,1.42467718794835
51,51,1,2026-06-24 18:00:00-04,Group C,Scotland,SCO,C,Brazil,BRA,Miami,USA,East,29.0,1767.0,1.0,2104.0,14.0,1879.0,63.0,1598.0,867.0,411.0,268.0,188.0,1495.0,1075.0,UEFA,0.0,5.0,1984.0,1.0,2195.0,4.0,1998.0,20.0,1805.0,1065.0,670.0,172.0,223.0,2294.0,954.0,CONMEBOL,0.0,-217.0,24.0,0.4740484429065744,0.6291079812206573,1.7243367935409457,2.1539906103286386
52,52,1,2026-06-24 18:00:00-04,Group C,Morocco,MAR,C,Haiti,HAI,Atlanta,USA,East,24.0,1822.0,11.0,1923.0,43.0,1657.0,86.0,1510.0,728.0,364.0,165.0,199.0,1103.0,614.0,CAF,0.0,77.0,1532.0,37.0,1673.0,81.0,1417.0,129.0,1265.0,561.0,246.0,197.0,118.0,957.0,759.0,CONCACAF,0.0,290.0,-53.0,0.5,0.4385026737967914,1.51510989010989,1.7058823529411764
53,53,1,2026-06-24 21:00:00-06,Group A,Czechia,CZE,A,Mexico,MEX,Mexico City,Mexico,Central,40.0,1726.0,1.0,2032.0,13.0,1855.0,46.0,1669.0,882.0,424.0,261.0,197.0,1624.0,1097.0,UEFA,0.0,20.0,1860.0,4.0,1985.0,20.0,1782.0,48.0,1498.0,1028.0,533.0,258.0,237.0,1823.0,1055.0,CONCACAF,1.0,-134.0,20.0,0.48072562358276644,0.5184824902723736,1.8412698412698412,1.7733463035019454
54,54,1,2026-06-24 21:00:00-06,Group A,South Africa,RSA,A,South Korea,KOR,Monterrey,Mexico,Central,79.0,1524.0,7.0,1847.0,32.0,1707.0,99.0,1448.0,524.0,231.0,141.0,152.0,719.0,542.0,CAF,0.0,33.0,1752.0,16.0,1845.0,35.0,1687.0,84.0,1445.0,1050.0,571.0,221.0,258.0,1907.0,964.0,AFC,0.0,-228.0,46.0,0.44083969465648853,0.5438095238095239,1.3721374045801527,1.8161904761904761
55,55,1,2026-06-25 16:00:00-04,Group E,Curaçao,CUR,E,Ivory Coast,CIV,Philadelphia,USA,East,90.0,1436.0,26.0,1618.0,97.0,1381.0,188.0,1011.0,498.0,201.0,173.0,124.0,879.0,767.0,CONCACAF,0.0,52.0,1676.0,15.0,1863.0,45.0,1640.0,76.0,1476.0,692.0,348.0,166.0,178.0,1130.0,695.0,CAF,0.0,-240.0,38.0,0.4036144578313253,0.5028901734104047,1.7650602409638554,1.6329479768786128
56,56,1,2026-06-25 16:00:00-04,Group E,Ecuador,ECU,E,Germany,GER,New York/New Jersey,USA,East,9.0,1933.0,9.0,1934.0,64.0,1525.0,121.0,1183.0,598.0,183.0,254.0,161.0,719.0,903.0,CONMEBOL,0.0,11.0,1923.0,1.0,2223.0,8.0,1911.0,25.0,1637.0,1045.0,604.0,224.0,217.0,2352.0,1232.0,UEFA,0.0,10.0,-2.0,0.3060200668896321,0.5779904306220096,1.2023411371237458,2.2507177033492822
57,57,1,2026-06-25 19:00:00-05,Group F,Japan,JPN,F,Sweden,SWE,Dallas,USA,Central,13.0,1904.0,9.0,1913.0,62.0,1467.0,114.0,1126.0,835.0,408.0,257.0,170.0,1517.0,985.0,AFC,0.0,43.0,1719.0,2.0,2013.0,17.0,1795.0,54.0,1579.0,1118.0,549.0,335.0,234.0,2226.0,1482.0,UEFA,0.0,185.0,-30.0,0.48862275449101794,0.49105545617173524,1.8167664670658683,1.9910554561717353
58,58,1,2026-06-25 19:00:00-05,Group F,Tunisia,TUN,F,Netherlands,NED,Kansas City,USA,Central,58.0,1636.0,24.0,1757.0,47.0,1616.0,87.0,1439.0,775.0,330.0,229.0,216.0,1105.0,839.0,CAF,0.0,8.0,1961.0,1.0,2153.0,15.0,1848.0,55.0,1553.0,901.0,465.0,239.0,197.0,1892.0,1142.0,UEFA,0.0,-325.0,50.0,0.4258064516129032,0.516093229744728,1.4258064516129032,2.099889012208657
59,59,1,2026-06-25 22:00:00-07,Group D,Turkey,TUR,D,United States,USA,Los Angeles,USA,West,14.0,1902.0,9.0,1902.0,42.0,1611.0,77.0,1358.0,669.0,263.0,250.0,156.0,947.0,969.0,UEFA,0.0,41.0,1721.0,9.0,1890.0,41.0,1642.0,93.0,1410.0,825.0,366.0,286.0,173.0,1246.0,1073.0,CONCACAF,1.0,181.0,-27.0,0.3931240657698057,0.44363636363636366,1.4155455904334828,1.5103030303030303
60,60,1,2026-06-25 22:00:00-07,Group D,Paraguay,PAR,D,Australia,AUS,San Francisco Bay Area,USA,West,22.0,1833.0,5.0,1956.0,23.0,1755.0,51.0,1619.0,788.0,276.0,303.0,209.0,1002.0,1115.0,CONMEBOL,0.0,26.0,1783.0,11.0,1876.0,35.0,1672.0,77.0,1475.0,635.0,326.0,179.0,130.0,1289.0,714.0,AFC,0.0,50.0,-4.0,0.350253807106599,0.5133858267716536,1.2715736040609138,2.02992125984252
61,61,1,2026-06-26 15:00:00-04,Group I,Norway,NOR,I,France,FRA,Boston,USA,East,12.0,1912.0,6.0,1944.0,38.0,1623.0,85.0,1364.0,886.0,334.0,355.0,197.0,1373.0,1443.0,UEFA,0.0,3.0,2081.0,1.0,2135.0,16.0,1795.0,40.0,1514.0,938.0,474.0,269.0,195.0,1706.0,1272.0,UEFA,0.0,-169.0,9.0,0.37697516930022573,0.5053304904051172,1.5496613995485327,1.8187633262260128
62,62,1,2026-06-26 15:00:00-04,Group I,Senegal,SEN,I,Iraq,IRQ,Toronto,Canada,East,17.0,1878.0,17.0,1878.0,56.0,1590.0,107.0,1387.0,704.0,319.0,192.0,193.0,967.0,669.0,CAF,0.0,63.0,1607.0,23.0,1740.0,47.0,1622.0,96.0,1456.0,759.0,359.0,189.0,211.0,1202.0,707.0,AFC,0.0,271.0,-46.0,0.453125,0.47299077733860345,1.3735795454545454,1.5836627140974968
63,63,1,2026-06-26 20:00:00-05,Group H,Cape Verde,CPV,H,Saudi Arabia,KSA,Houston,USA,Central,72.0,1549.0,65.0,1579.0,120.0,1302.0,146.0,1172.0,251.0,94.0,97.0,60.0,267.0,278.0,CAF,0.0,71.0,1568.0,29.0,1735.0,76.0,1501.0,125.0,1256.0,835.0,396.0,245.0,194.0,1281.0,892.0,AFC,0.0,-19.0,1.0,0.3745019920318725,0.474251497005988,1.0637450199203187,1.534131736526946
64,64,1,2026-06-26 20:00:00-06,Group H,Uruguay,URU,H,Spain,ESP,Guadalajara,Mexico,Central,15.0,1892.0,1.0,2104.0,12.0,1876.0,44.0,1636.0,1019.0,446.0,321.0,252.0,1610.0,1254.0,CONMEBOL,0.0,1.0,2165.0,1.0,2189.0,7.0,1946.0,19.0,1805.0,780.0,461.0,138.0,181.0,1591.0,697.0,UEFA,0.0,-273.0,14.0,0.43768400392541706,0.591025641025641,1.5799803729146222,2.0397435897435896
65,65,1,2026-06-26 23:00:00-07,Group G,Egypt,EGY,G,Iran,IRN,Seattle,USA,West,51.0,1689.0,12.0,1872.0,37.0,1662.0,70.0,1527.0,883.0,446.0,216.0,221.0,1544.0,921.0,CAF,0.0,31.0,1760.0,13.0,1853.0,41.0,1658.0,79.0,1450.0,668.0,382.0,132.0,154.0,1270.0,524.0,AFC,0.0,-71.0,20.0,0.5050962627406569,0.5718562874251497,1.7485843714609286,1.901197604790419
66,66,1,2026-06-26 23:00:00-07,Group G,New Zealand,NZL,G,Belgium,BEL,Vancouver,Canada,West,68.0,1585.0,29.0,1640.0,66.0,1499.0,103.0,1334.0,439.0,181.0,179.0,79.0,767.0,645.0,OFC,0.0,19.0,1867.0,1.0,2157.0,24.0,1755.0,70.0,1503.0,876.0,390.0,302.0,184.0,1599.0,1359.0,UEFA,0.0,-282.0,49.0,0.4123006833712984,0.4452054794520548,1.7471526195899771,1.8253424657534247
67,67,1,2026-06-27 17:00:00-04,Group L,Panama,PAN,L,England,ENG,New York/New Jersey,USA,East,36.0,1737.0,27.0,1773.0,99.0,1362.0,143.0,1154.0,591.0,196.0,251.0,144.0,736.0,906.0,CONCACAF,0.0,4.0,2020.0,1.0,2213.0,4.0,1983.0,17.0,1810.0,1160.0,683.0,215.0,262.0,2719.0,1118.0,UEFA,0.0,-283.0,32.0,0.3316412859560068,0.5887931034482758,1.245346869712352,2.3439655172413794
68,68,1,2026-06-27 17:00:00-04,Group L,Croatia,CRO,L,Ghana,GHA,Philadelphia,USA,East,10.0,1930.0,4.0,2015.0,12.0,1881.0,28.0,1780.0,398.0,209.0,83.0,106.0,694.0,401.0,UEFA,0.0,82.0,1503.0,10.0,1877.0,42.0,1651.0,101.0,1424.0,778.0,370.0,213.0,195.0,1247.0,822.0,CAF,0.0,427.0,-72.0,0.5251256281407035,0.4755784061696658,1.743718592964824,1.6028277634961439
69,69,1,2026-06-27 19:30:00-04,Group K,Colombia,COL,K,Portugal,POR,Miami,USA,East,7.0,1975.0,3.0,2069.0,48.0,1621.0,102.0,1304.0,648.0,265.0,205.0,178.0,842.0,741.0,CONMEBOL,0.0,5.0,1984.0,2.0,2060.0,19.0,1797.0,41.0,1624.0,694.0,346.0,189.0,159.0,1222.0,779.0,UEFA,0.0,-9.0,2.0,0.4089506172839506,0.49855907780979825,1.2993827160493827,1.760806916426513
70,70,1,2026-06-27 19:30:00-04,Group K,DR Congo,COD,K,Uzbekistan,UZB,Atlanta,USA,East,54.0,1655.0,20.0,1782.0,62.0,1557.0,114.0,1387.0,547.0,226.0,171.0,150.0,835.0,641.0,CAF,0.0,38.0,1727.0,25.0,1766.0,60.0,1596.0,93.0,1428.0,365.0,180.0,110.0,75.0,635.0,398.0,AFC,0.0,-72.0,16.0,0.41316270566727603,0.4931506849315068,1.5265082266910421,1.7397260273972603
71,71,1,2026-06-27 22:00:00-05,Group J,Algeria,ALG,J,Austria,AUT,Kansas City,USA,Central,35.0,1743.0,18.0,1807.0,48.0,1621.0,110.0,1386.0,688.0,309.0,196.0,183.0,1052.0,703.0,CAF,0.0,23.0,1827.0,1.0,2070.0,20.0,1810.0,73.0,1549.0,865.0,370.0,310.0,185.0,1560.0,1321.0,UEFA,0.0,-84.0,12.0,0.4491279069767442,0.4277456647398844,1.5290697674418605,1.8034682080924855
72,72,1,2026-06-27 22:00:00-05,Group J,Jordan,JOR,J,Argentina,ARG,Dallas,USA,Central,50.0,1690.0,40.0,1701.0,111.0,1322.0,153.0,1092.0,582.0,206.0,218.0,158.0,727.0,710.0,AFC,0.0,2.0,2113.0,1.0,2172.0,5.0,1987.0,26.0,1751.0,1109.0,610.0,228.0,271.0,2112.0,1136.0,CONMEBOL,0.0,-423.0,48.0,0.3539518900343643,0.5500450856627592,1.2491408934707904,1.9044183949504059
73,73,2,2026-06-28 15:00:00-07,2A vs 2B,,,,,,Los Angeles,USA,West,,,,,,,,,,,,,,,,,,,,,,,,,,,,,,,,,,,,,,
74,74,2,2026-06-29 13:00:00-05,1C vs 2F,,,,,,Houston,USA,Central,,,,,,,,,,,,,,,,,,,,,,,,,,,,,,,,,,,,,,
75,75,2,2026-06-29 16:30:00-04,1E vs 3ABCDF,,,,,,Boston,USA,East,,,,,,,,,,,,,,,,,,,,,,,,,,,,,,,,,,,,,,
76,76,2,2026-06-29 21:00:00-06,1F vs 2C,,,,,,Monterrey,Mexico,Central,,,,,,,,,,,,,,,,,,,,,,,,,,,,,,,,,,,,,,
77,77,2,2026-06-30 13:00:00-05,2E vs 2I,,,,,,Dallas,USA,Central,,,,,,,,,,,,,,,,,,,,,,,,,,,,,,,,,,,,,,
78,78,2,2026-06-30 17:00:00-04,1I vs 3CDFGH,,,,,,New York/New Jersey,USA,East,,,,,,,,,,,,,,,,,,,,,,,,,,,,,,,,,,,,,,
79,79,2,2026-06-30 21:00:00-06,1A vs 3CEFHI,,,,,,Mexico City,Mexico,Central,,,,,,,,,,,,,,,,,,,,,,,,,,,,,,,,,,,,,,
80,80,2,2026-07-01 12:00:00-04,1L vs 3EHIJK,,,,,,Atlanta,USA,East,,,,,,,,,,,,,,,,,,,,,,,,,,,,,,,,,,,,,,
81,81,2,2026-07-01 16:00:00-07,1G vs 3AEHIJ,,,,,,Seattle,USA,West,,,,,,,,,,,,,,,,,,,,,,,,,,,,,,,,,,,,,,
82,82,2,2026-07-01 20:00:00-07,1D vs 3BEFIJ,,,,,,San Francisco Bay Area,USA,West,,,,,,,,,,,,,,,,,,,,,,,,,,,,,,,,,,,,,,
83,83,2,2026-07-02 15:00:00-07,1H vs 2J,,,,,,Los Angeles,USA,West,,,,,,,,,,,,,,,,,,,,,,,,,,,,,,,,,,,,,,
84,84,2,2026-07-02 19:00:00-04,2K vs 2L,,,,,,Toronto,Canada,East,,,,,,,,,,,,,,,,,,,,,,,,,,,,,,,,,,,,,,
85,85,2,2026-07-02 23:00:00-07,1B vs 3EFGIJ,,,,,,Vancouver,Canada,West,,,,,,,,,,,,,,,,,,,,,,,,,,,,,,,,,,,,,,
86,86,2,2026-07-03 14:00:00-05,2D vs 2G,,,,,,Dallas,USA,Central,,,,,,,,,,,,,,,,,,,,,,,,,,,,,,,,,,,,,,
87,87,2,2026-07-03 18:00:00-04,1J vs 2H,,,,,,Miami,USA,East,,,,,,,,,,,,,,,,,,,,,,,,,,,,,,,,,,,,,,
88,88,2,2026-07-03 21:30:00-05,1K vs 3DEIJL,,,,,,Kansas City,USA,Central,,,,,,,,,,,,,,,,,,,,,,,,,,,,,,,,,,,,,,
89,89,3,2026-07-04 13:00:00-05,W73 vs W75,,,,,,Houston,USA,Central,,,,,,,,,,,,,,,,,,,,,,,,,,,,,,,,,,,,,,
90,90,3,2026-07-04 17:00:00-04,W74 vs W77,,,,,,Philadelphia,USA,East,,,,,,,,,,,,,,,,,,,,,,,,,,,,,,,,,,,,,,
91,91,3,2026-07-05 16:00:00-04,W76 vs W78,,,,,,New York/New Jersey,USA,East,,,,,,,,,,,,,,,,,,,,,,,,,,,,,,,,,,,,,,
92,92,3,2026-07-05 20:00:00-06,W79 vs W80,,,,,,Mexico City,Mexico,Central,,,,,,,,,,,,,,,,,,,,,,,,,,,,,,,,,,,,,,
93,93,3,2026-07-06 15:00:00-05,W83 vs W84,,,,,,Dallas,USA,Central,,,,,,,,,,,,,,,,,,,,,,,,,,,,,,,,,,,,,,
94,94,3,2026-07-06 20:00:00-07,W81 vs W82,,,,,,Seattle,USA,West,,,,,,,,,,,,,,,,,,,,,,,,,,,,,,,,,,,,,,
95,95,3,2026-07-07 12:00:00-04,W86 vs W88,,,,,,Atlanta,USA,East,,,,,,,,,,,,,,,,,,,,,,,,,,,,,,,,,,,,,,
96,96,3,2026-07-07 16:00:00-07,W85 vs W87,,,,,,Vancouver,Canada,West,,,,,,,,,,,,,,,,,,,,,,,,,,,,,,,,,,,,,,
97,97,4,2026-07-09 16:00:00-04,W89 vs W90,,,,,,Boston,USA,East,,,,,,,,,,,,,,,,,,,,,,,,,,,,,,,,,,,,,,
98,98,4,2026-07-10 15:00:00-07,W93 vs W94,,,,,,Los Angeles,USA,West,,,,,,,,,,,,,,,,,,,,,,,,,,,,,,,,,,,,,,
99,99,4,2026-07-11 17:00:00-04,W91 vs W92,,,,,,Miami,USA,East,,,,,,,,,,,,,,,,,,,,,,,,,,,,,,,,,,,,,,
100,100,4,2026-07-11 21:00:00-05,W95 vs W100,,,,,,Kansas City,USA,Central,,,,,,,,,,,,,,,,,,,,,,,,,,,,,,,,,,,,,,
101,101,5,2026-07-14 15:00:00-05,W97 vs W98,,,,,,Dallas,USA,Central,,,,,,,,,,,,,,,,,,,,,,,,,,,,,,,,,,,,,,
102,102,5,2026-07-15 15:00:00-04,W99 vs W100,,,,,,Atlanta,USA,East,,,,,,,,,,,,,,,,,,,,,,,,,,,,,,,,,,,,,,
103,103,6,2026-07-18 17:00:00-04,RU101 vs RU102,,,,,,Miami,USA,East,,,,,,,,,,,,,,,,,,,,,,,,,,,,,,,,,,,,,,
104,104,7,2026-07-19 15:00:00-04,W101 vs W102,,,,,,New York/New Jersey,USA,East,,,,,,,,,,,,,,,,,,,,,,,,,,,,,,,,,,,,,,
